variance,skewness,curtosis,entropy,class
3.6216,8.6661,-2.8073,-0.44699,0
4.5459,8.1674,-2.4586,-1.4621,0
3.866,-2.6383,1.9242,0.10645,0
3.4566,9.5228,-4.0112,-3.5944,0
0.3292,-4.4552,4.5718,-0.9888,0
4.3684,9.6718,-3.9606,-3.1625,0
3.5912,3.0129,0.7289,-0.5641,0
2.0922,-6.81,8.4636,-0.6022,1
3.2032,5.7588,-1.221,-1.0184,1
1.5356,9.1774,-2.2718,-0.6353,1
